{
    "version": "1.0.0",
    "summary": "helpful summary of your project, less than 80 characters",
    "repository": "https://github.com/user/project.git",
    "license": "BSD3",
    "source-directories": [
        "src"
    ],
    "exposed-modules": [],
    "dependencies": {
        "Fresheyeball/elm-return": "6.0.3 <= v < 7.0.0",
        "NoRedInk/elm-decode-pipeline": "3.0.0 <= v < 4.0.0",
        "elm-community/graph": "5.0.1 <= v < 6.0.0",
        "elm-community/list-extra": "7.1.0 <= v < 8.0.0",
        "elm-lang/animation-frame": "1.0.1 <= v < 2.0.0",
        "elm-lang/core": "5.1.1 <= v < 6.0.0",
        "elm-lang/html": "2.0.0 <= v < 3.0.0",
        "elm-lang/http": "1.0.0 <= v < 2.0.0",
        "elm-lang/mouse": "1.0.1 <= v < 2.0.0",
        "elm-lang/navigation": "2.1.0 <= v < 3.0.0",
        "elm-lang/svg": "2.0.0 <= v < 3.0.0",
        "elm-lang/window": "1.0.1 <= v < 2.0.0",
        "evancz/elm-markdown": "3.0.2 <= v < 4.0.0",
        "evancz/url-parser": "2.0.1 <= v < 3.0.0",
        "gampleman/elm-visualization": "1.6.1 <= v < 2.0.0",
        "krisajenkins/remotedata": "4.3.1 <= v < 5.0.0",
        "mdgriffith/style-elements": "4.2.0 <= v < 5.0.0",
        "ohanhi/autoexpand": "2.1.1 <= v < 3.0.0"
    },
    "elm-version": "0.18.0 <= v < 0.19.0"
}
