{
    "version": "1.0.0",
    "summary": "helpful summary of your project, less than 80 characters",
    "repository": "https://github.com/user/project.git",
    "license": "BSD3",
    "source-directories": [
        "admin"
    ],
    "exposed-modules": [],
    "dependencies": {
        "Fresheyeball/elm-return": "6.0.3 <= v < 7.0.0",
        "NoRedInk/elm-decode-pipeline": "3.0.0 <= v < 4.0.0",
        "elm-lang/core": "5.1.1 <= v < 6.0.0",
        "elm-lang/html": "2.0.0 <= v < 3.0.0",
        "elm-lang/http": "1.0.0 <= v < 2.0.0",
        "etaque/elm-form": "3.0.0 <= v < 4.0.0",
        "krisajenkins/remotedata": "4.3.3 <= v < 5.0.0",
        "mdgriffith/style-elements": "4.2.1 <= v < 5.0.0",
        "ohanhi/remotedata-http": "2.1.0 <= v < 3.0.0"
    },
    "elm-version": "0.18.0 <= v < 0.19.0"
}
